call_addr,token_offset,token_hex,token_display,token_second,y,x,internal_code,layer_b,layer_c,body_solid,foot_solid,unknown
67801,11808,01 41,\x01A,65,bp+0c,bp+0a,0x01F5,0x00,0x00,0,0,bpb-105
67850,11810,01 42,\x01B,66,bp+0c,bp+0a,0x01F6,0x00,0x00,1,0,bpb-105
67899,11812,01 43,\x01C,67,bp+0c,bp+0a,0x01F7,0x00,0x00,1,0,bpb-105
67948,11814,01 44,\x01D,68,bp+0c,bp+0a,0x01F8,0x00,0x00,1,0,bpb-105
67997,11816,01 45,\x01E,69,bp+0c,bp+0a,0x01F9,0x00,0x00,1,0,bpb-105
68046,11818,01 46,\x01F,70,bp+0c,bp+0a,0x01FA,0x00,0x00,1,0,bpb-105
68095,11820,01 47,\x01G,71,bp+0c,bp+0a,0x01FB,0x00,0x00,1,0,bpb-105
68144,11822,01 48,\x01H,72,bp+0c,bp+0a,0x6840,0x00,0x00,0,0,bpb-105
68193,11824,01 49,\x01I,73,bp+0c,bp+0a,0x6840,0x00,0x00,0,0,bpb-105
68242,11826,01 4a,\x01J,74,bp+0c,bp+0a,0x0295,0x00,0x00,0,0,bpb-105
68291,11828,01 4b,\x01K,75,bp+0c,bp+0a,0x6840,0x00,0x00,0,0,bpb-105
68340,11830,01 4c,\x01L,76,bp+0c,bp+0a,0x6840,0x00,0x00,0,0,bpb-105
68408,11832,01 4d,\x01M,77,bp+0c,bp+0a,?,0x00,0x0205,0,0,bpb-105
68445,11832,01 4d,\x01M,77,bp+0c,bp+0a,?,0x00,0x0201,0,0,bpb-105
68513,11834,01 4e,\x01N,78,bp+0c,bp+0a,?,0x00,0x0206,0,0,bpb-105
68550,11834,01 4e,\x01N,78,bp+0c,bp+0a,?,0x00,0x0202,0,0,bpb-105
68622,11836,01 4f,\x01O,79,bp+0c,bp+0a,?,0x00,0x0207,0,0,bpb-105
68659,11836,01 4f,\x01O,79,bp+0c,bp+0a,?,0x00,0x0203,0,0,bpb-105
68731,11838,01 50,\x01P,80,bp+0c,bp+0a,?,0x00,0x0208,0,0,bpb-105
68768,11838,01 50,\x01P,80,bp+0c,bp+0a,?,0x00,0x0204,0,0,bpb-105
68821,11840,01 51,\x01Q,81,bp+0c,bp+0a,0x0205,0x00,0x00,0,0,bpb-105
68870,11842,01 52,\x01R,82,bp+0c,bp+0a,0x0206,0x00,0x00,0,0,bpb-105
68919,11844,01 53,\x01S,83,bp+0c,bp+0a,0x0207,0x00,0x00,0,0,bpb-105
68968,11846,01 54,\x01T,84,bp+0c,bp+0a,0x0208,0x00,0x00,0,0,bpb-105
69017,11848,01 55,\x01U,85,bp+0c,bp+0a,0x0209,0x00,0x00,1,0,bpb-105
69066,11850,01 56,\x01V,86,bp+0c,bp+0a,0x020A,0x00,0x00,0,0,bpb-105
69115,11852,01 57,\x01W,87,bp+0c,bp+0a,0x020B,0x00,0x00,0,0,bpb-105
69164,11854,01 58,\x01X,88,bp+0c,bp+0a,0x020C,0x00,0x00,0,0,bpb-105
69213,11856,01 30,\x010,48,bp+0c,bp+0a,0x020D,0x00,0x00,0,0,bpb-105
69262,11858,01 5a,\x01Z,90,bp+0c,bp+0a,0x020E,0x00,0x00,0,0,bpb-105
69311,11860,01 61,\x01a,97,bp+0c,bp+0a,0x020F,0x00,0x00,1,0,bpb-105
69360,11862,01 62,\x01b,98,bp+0c,bp+0a,0x0210,0x00,0x00,0,0,bpb-105
69409,11864,01 63,\x01c,99,bp+0c,bp+0a,0x0211,0x00,0x00,0,0,bpb-105
69458,11866,01 64,\x01d,100,bp+0c,bp+0a,0x0212,0x00,0x00,0,0,bpb-105
69507,11868,01 65,\x01e,101,bp+0c,bp+0a,0x0213,0x00,0x00,0,0,bpb-105
69556,11870,01 66,\x01f,102,bp+0c,bp+0a,0x0214,0x00,0x00,1,0,bpb-105
69605,11872,01 67,\x01g,103,bp+0c,bp+0a,0x0215,0x00,0x00,1,0,bpb-105
69654,11874,01 68,\x01h,104,bp+0c,bp+0a,0x0216,0x00,0x00,0,0,bpb-105
69703,11876,01 69,\x01i,105,bp+0c,bp+0a,0x0217,0x00,0x00,0,0,bpb-105
69752,11878,01 6a,\x01j,106,bp+0c,bp+0a,0x0218,0x00,0x00,0,0,bpb-105
69801,11880,01 6b,\x01k,107,bp+0c,bp+0a,0x0219,0x00,0x00,0,0,bpb-105
69857,11882,01 6c,\x01l,108,bp+0c,bp+0a,0x01FC,0x00,0x00,1,0,bpb-105
69890,11882,01 6c,\x01l,108,bp+0c,bp+0a,0x6840,0x00,0x00,0,0,bpb-105
69940,11884,01 6d,\x01m,109,bp+0c,bp+0a,0x6840,0x00,0x0299,0,0,bpb-105
69990,11886,01 6e,\x01n,110,bp+0c,bp+0a,0x6840,0x00,0x029A,0,0,bpb-105
70040,11888,01 6f,\x01o,111,bp+0c,bp+0a,0x6840,0x029F,0x00,0,1,bpb-105
70090,11890,01 70,\x01p,112,bp+0c,bp+0a,0x6840,0x02A0,0x00,0,1,bpb-105
70140,11892,01 71,\x01q,113,bp+0c,bp+0a,0x6840,0x02A1,0x00,0,1,bpb-105
70190,11894,01 72,\x01r,114,bp+0c,bp+0a,0x6840,0x02A2,0x00,0,1,bpb-105
70239,11896,01 73,\x01s,115,bp+0c,bp+0a,0x02AB,0x00,0x00,0,0,bpb-105
70289,11898,01 74,\x01t,116,bp+0c,bp+0a,0x6840,0x00,0x02AC,0,0,bpb-105
70339,11900,01 75,\x01u,117,bp+0c,bp+0a,0x6840,0x00,0x02AD,0,0,bpb-105
70389,11902,01 76,\x01v,118,bp+0c,bp+0a,0x6840,0x00,0x02AE,0,0,bpb-105
70439,11904,01 78,\x01x,120,bp+0c,bp+0a,0x6840,0x00,0x02B0,0,0,bpb-105
70489,11906,01 79,\x01y,121,bp+0c,bp+0a,0x6840,0x00,0x02B1,0,0,bpb-105
70538,11908,01 7a,\x01z,122,bp+0c,bp+0a,0x02B2,0x00,0x00,0,0,bpb-105
70588,11910,01 77,\x01w,119,bp+0c,bp+0a,0x6840,0x00,0x02AF,0,0,bpb-105
70640,11910,01 77,\x01w,119,bp+0c,bp+0a-1,0x02,0x00,0xB3,1,0,bpb-105
70672,11910,01 77,\x01w,119,bp+0c,bp+0a,0x02,0x00,0xB7,0,0,bpb-105
70812,14937,01 ae,\x01\xae,174,bp+0e,bp+0c,0x02,0x00,0x00,0,0,bpb+6
71319,14939,01 38,\x018,56,bp+0e,bp+0c,0x02,0x00,0x00,0,0,bpb+6
71738,14941,01 39,\x019,57,bp+0e,bp+0c,0x02,0x00,0x00,0,0,bpb+6
72143,14943,01 30,\x010,48,bp+0e,bp+0c,0x02,0x00,0x00,0,0,bpb+6
72548,14945,01 67,\x01g,103,bp+0e,bp+0c,0x02,0x00,0x00,0,0,bpb+6
72977,14947,01 47,\x01G,71,bp+0e,bp+0c,0x02,0x00,0x00,0,0,bpb+6
73406,14949,01 56,\x01V,86,bp+0e,bp+0c,0x02,0x00,0x00,0,0,bpb+6
73927,14951,01 58,\x01X,88,bp+0e,bp+0c,0x02,0x00,0x00,0,0,bpb+6
74462,14953,01 23,\x01#,35,bp+0e,bp+0c,0x02,0x00,0x00,0,0,bpb+6
74807,14955,01 63,\x01c,99,bp+0e,bp+0c,0x02,0x00,0x00,0,0,bpb+6
75328,14957,01 65,\x01e,101,bp+0e,bp+0c,0x02,0x00,0x00,0,0,bpb+6
75761,14959,01 75,\x01u,117,bp+0e,bp+0c,0x02,0x00,0x00,0,0,bpb+6
76134,14961,01 76,\x01v,118,bp+0e,bp+0c,0x02,0x00,0x00,0,0,bpb+6
76507,14963,01 6e,\x01n,110,bp+0e,bp+0c,0x02,0x00,0x00,0,0,bpb+6
76943,14965,01 24,\x01$,36,bp+0e,bp+0c,0x02,0x00,0x00,0,0,bpb+6
77478,14967,01 5b,\x01[,91,bp+0e,bp+0c,0x02,0x00,0x00,0,0,bpb+6
77793,14969,01 7f,\x01\x7f,127,bp+0e,bp+0c,0x02,0x00,0x00,0,0,bpb+6
78182,14971,01 52,\x01R,82,bp+0e,bp+0c,0x02,0x01D0,0x00,0,0,bpb+6
78552,14973,01 51,\x01Q,81,bp+0e,bp+0c,0x02,0x01D1,0x00,0,0,bpb+6
78922,14975,01 3c,\x01<,60,bp+0e,bp+0c,0x02,0x00,0x01E7,1,0,bpb+6
79292,14977,01 3d,\x01=,61,bp+0e,bp+0c,0x02,0x00,0x01EB,1,0,bpb+6
79665,14979,01 3b,\x01;,59,bp+0e,bp+c,0x02,0x00,0x01AC,1,0,0
79697,14979,01 3b,\x01;,59,bp+0e,bp+0c-1,0x02,0x00,0x00,0,0,bpb+6
79727,14979,01 3b,\x01;,59,bp+0e,bp+0c,0x02,0x00,0x01AB,1,0,0
80178,14981,01 3e,\x01>,62,bp+e,bp+0c,0x02,0x00,0x01B1,1,0,bpb+6
80210,14981,01 3e,\x01>,62,bp+0e-1,bp+0c,0x02,0x00,0x00,0,0,bpb+6
80241,14981,01 3e,\x01>,62,bp+0e,bp+0c,0x02,0x00,0x01B2,1,0,bpb+6
80687,14983,01 3f,\x01?,63,bp+0e,bp+0c,0x02,0x00,0x00,0,0,bpb+6
80981,14985,01 41,\x01A,65,bp+0e,bp+0c,0x02,0x00,0x00,0,0,bpb+6
81276,14987,01 40,\x01@,64,bp+0e,bp+0c,0x02,0x00,0x012E,0,0,bpb+6
81573,14989,01 d4,\x01\xd4,212,bp+0e,bp+0c,0x02,0x00,0x00,0,0,bpb+6
81860,14991,01 78,\x01x,120,bp+0e,bp+0c,0x02,0x00,0x00,0,0,bpb+6
82860,26361,01 20,\x01 ,32,bp-2c,bp+0a,0x02,0x00,0x00,0,0,bpb-131
82919,26363,01 31,\x011,49,bp-2c,bp+0a,0x01,0x00,0x00,1,0,bpb-131
82968,26365,01 32,\x012,50,bp-2c,bp+0a,0x03,0x00,0x00,1,0,bpb-131
83017,26367,01 33,\x013,51,bp-2c,bp+0a,0x04,0x00,0x00,1,0,bpb-131
83066,26369,01 35,\x015,53,bp-2c,bp+0a,0x05,0x00,0x00,0,0,bpb-131
83115,26371,01 36,\x016,54,bp-2c,bp+0a,0x06,0x00,0x00,0,0,bpb-131
83164,26373,01 37,\x017,55,bp-2c,bp+0a,0x07,0x00,0x00,0,0,bpb-131
83213,26375,01 1e,\x01\x1e,30,bp-2c,bp+0a,0x08,0x00,0x00,0,0,bpb-131
83265,26377,01 77,\x01w,119,bp-2c,bp+0a-1,0x02,0x00,0xB3,1,0,bpb-131
83297,26377,01 77,\x01w,119,bp-2c,bp+0a,0x02,0x00,0xB7,0,0,bpb-131
83347,26379,01 01,\x01\x01,1,bp-2c,bp+0a,0x02,0x00,0x026B,0,0,bpb-131
83397,26381,01 02,\x01\x02,2,bp-2c,bp+0a,0x02,0xA1,0x00,0,0,bpb-131
83447,26383,01 03,\x01\x03,3,bp-2c,bp+0a,0x02,0xA2,0x00,0,0,bpb-131
83497,26385,01 04,\x01\x04,4,bp-2c,bp+0a,0x02,0x9B,0x00,0,0,bpb-131
83547,26387,01 06,\x01\x06,6,bp-2c,bp+0a,0x02,0x9E,0x00,0,0,bpb-131
83598,26389,01 05,\x01\x05,5,bp-2c-1,bp+0a,0x9C,0x00,0x00,0,1,bpb-131
83629,26389,01 05,\x01\x05,5,bp-2c,bp+0a,0x9D,0x00,0x00,0,1,bpb-131
83679,26391,01 07,\x01\x07,7,bp-2c,bp+0a,0x02,0xAE,0x00,0,0,bpb-131
83731,26393,01 08,\x01\x08,8,bp-2c-1,bp+0a,0x02,0xB5,0x00,0,1,bpb-131
83763,26393,01 08,\x01\x08,8,bp-2c,bp+0a,0x02,0xB6,0x00,0,1,bpb-131
83815,26395,01 0c,\x01\x0c,12,bp-2c-1,bp+0a,0x02,0xB9,0x00,0,1,bpb-131
83847,26395,01 0c,\x01\x0c,12,bp-2c,bp+0a,0x02,0xBA,0x00,0,1,bpb-131
83897,26397,01 0b,\x01\x0b,11,bp-2c,bp+0a,0x02,0xB2,0x00,0,1,bpb-131
83947,26399,01 0e,\x01\x0e,14,bp-2c,bp+0a,0x02,0x02DD,0x00,0,0,bpb-131
83997,26401,01 0f,\x01\x0f,15,bp-2c,bp+0a,0x02,0x02DE,0x00,0,0,bpb-131
84047,26403,01 10,\x01\x10,16,bp-2c,bp+0a,0x02,0x02DF,0x00,0,0,bpb-131
84097,26405,01 11,\x01\x11,17,bp-2c,bp+0a,0x02,0x02E1,0x00,0,0,bpb-131
84147,26407,01 12,\x01\x12,18,bp-2c,bp+0a,0x02,0x02E5,0x00,0,0,bpb-131
84197,26409,01 13,\x01\x13,19,bp-2c,bp+0a,0x02,0x02E7,0x00,0,0,bpb-131
84249,26411,01 14,\x01\x14,20,bp-2c,bp+0a-1,0x02,0x02E9,0x00,0,0,bpb-131
84281,26411,01 14,\x01\x14,20,bp-2c,bp+0a,0x02,0x02ED,0x00,0,0,bpb-131
84331,26413,01 15,\x01\x15,21,bp-2c,bp+0a,0x02,0x02EA,0x00,0,0,bpb-131
84381,26415,01 16,\x01\x16,22,bp-2c,bp+0a,0x02,0x02EE,0x00,0,0,bpb-131
84431,26417,01 17,\x01\x17,23,bp-2c,bp+0a,0x02,0x02A5,0x00,0,0,bpb-131
84481,26419,01 18,\x01\x18,24,bp-2c,bp+0a,0x02,0x02A6,0x00,0,0,bpb-131
84533,26421,01 19,\x01\x19,25,bp-2c,bp+0a-1,0x02,0xFB,0x00,0,1,bpb-131
84565,26421,01 19,\x01\x19,25,bp-2c,bp+0a,0x02,0xFF,0x00,0,0,bpb-131
84622,26423,01 1b,\x01\x1b,27,bp-2c-1,bp+0a-1,0x02,0xFC,0x00,0,1,bpb-131
84656,26423,01 1b,\x01\x1b,27,bp-2c,bp+0a-1,0x02,0xFD,0x00,0,1,bpb-131
84690,26423,01 1b,\x01\x1b,27,bp-2c-1,bp+0a,0x02,0x0100,0x00,0,0,bpb-131
84722,26423,01 1b,\x01\x1b,27,bp-2c,bp+0a,0x02,0x0101,0x00,0,0,bpb-131
84774,26425,01 1c,\x01\x1c,28,bp-2c,bp+0a-1,0x02,0xFE,0x00,0,1,bpb-131
84806,26425,01 1c,\x01\x1c,28,bp-2c,bp+0a,0x02,0x0102,0x00,0,0,bpb-131
84856,26427,01 5e,\x01^,94,bp-2c,bp+0a,0x02,0x00,0x013A,0,0,bpb-131
84906,26429,01 4b,\x01K,75,bp-2c,bp+0a,0x02,0x00,0x025E,0,0,bpb-131
84955,26431,01 49,\x01I,73,bp-2c,bp+0a,0x6840,0x00,0x00,0,1,bpb-131
85005,26433,01 d3,\x01\xd3,211,bp-2c,bp+0a,0x6840,0x00,0xFFFF,0,0,bpb-131
85055,26435,01 72,\x01r,114,bp-2c,bp+0a,0x02,0x00,0x025F,0,0,bpb-131
85105,26437,01 73,\x01s,115,bp-2c,bp+0a,0x02,0x00,0x012D,0,0,bpb-131
85155,26439,01 4e,\x01N,78,bp-2c,bp+0a,0x02,0x00,0x0139,0,0,bpb-131
85205,26441,01 54,\x01T,84,bp-2c,bp+0a,0x02,0x00,0x013C,0,0,bpb-131
85255,26443,01 57,\x01W,87,bp-2c,bp+0a,0x02,0x00,0x026A,0,0,bpb-131
85305,26445,01 5c,\x01\,92,bp-2c,bp+0a,0x02,0x00,0x026C,0,0,bpb-131
85355,26447,01 5d,\x01],93,bp-2c,bp+0a,0x02,0x00,0x0275,0,0,bpb-131
85405,26449,01 64,\x01d,100,bp-2c,bp+0a,0x02,0x00,0x0276,0,0,bpb-131
85455,26451,01 66,\x01f,102,bp-2c,bp+0a,0x02,0x00,0x0277,0,0,bpb-131
85505,26453,01 68,\x01h,104,bp-2c,bp+0a,0x02,0x00,0x0278,0,0,bpb-131
85555,26455,01 3a,\x01:,58,bp-2c,bp+0a,0x02,0x00,0x01D2,0,0,bpb-131
85605,26457,01 48,\x01H,72,bp-2c,bp+0a,0x02,0x00,0x01D4,0,0,bpb-131
85655,26459,01 4d,\x01M,77,bp-2c,bp+0a,0x02,0x00,0x0270,0,0,bpb-131
85705,26461,01 50,\x01P,80,bp-2c,bp+0a,0x02,0x00,0x0130,0,0,bpb-131
85757,26463,01 70,\x01p,112,bp-2c-1,bp+0a,0x02,0x9F,0x00,0,0,bpb-131
85789,26463,01 70,\x01p,112,bp-2c,bp+0a,0x02,0xA0,0x00,0,0,bpb-131
85841,26465,01 8b,\x01\x8b,139,bp-2c-1,bp+0a,0x6840,0xA3,0x00,1,0,bpb-131
85873,26465,01 8b,\x01\x8b,139,bp-2c,bp+0a,0x6840,0xA4,0x00,1,0,bpb-131
85925,26467,01 9a,\x01\x9a,154,bp-2c-1,bp+0a,0x6840,0xA6,0x00,1,0,bpb-131
85957,26467,01 9a,\x01\x9a,154,bp-2c,bp+0a,0x6840,0xA5,0x00,1,0,bpb-131
86007,26469,01 1f,\x01\x1f,31,bp-2c,bp+0a,0x6840,0xA6,0x00,1,0,bpb-131
86057,26471,01 a8,\x01\xa8,168,bp-2c,bp+0a,0x02,0x00,0xAF,0,0,bpb-131
86107,26473,01 a9,\x01\xa9,169,bp-2c,bp+0a,0x02,0x00,0xB0,0,0,bpb-131
86157,26475,01 aa,\x01\xaa,170,bp-2c,bp+0a,0x02,0x00,0xB1,0,0,bpb-131
86208,26477,01 ab,\x01\xab,171,bp-2c,bp+0a-1,0xC2,0x00,0x00,0,1,bpb-131
86239,26477,01 ab,\x01\xab,171,bp-2c,bp+0a,0xC6,0x00,0x00,0,0,bpb-131
86289,26479,01 ac,\x01\xac,172,bp-2c,bp+0a,0x02,0xC5,0x00,0,0,bpb-131
86338,26481,01 ad,\x01\xad,173,bp-2c,bp+0a,0xC1,0x00,0x00,0,1,bpb-131
86395,26483,01 85,\x01\x85,133,bp-2c,bp+0a,0x02,0x00,0xDD,0,0,bpb-131
86431,26483,01 85,\x01\x85,133,bp-2c,bp+0a,0x02,0x00,0xDE,0,1,bpb-131
86465,26483,01 85,\x01\x85,133,bp-2c-1,bp+0a,0x02,0x00,0xDF,0,0,bpb-131
86497,26483,01 85,\x01\x85,133,bp-2c,bp+0a,0x02,0x00,0xE0,0,0,bpb-131
86551,26485,01 86,\x01\x86,134,bp-2c,bp+0a,0x02,0x00,0xE5,0,0,bpb-131
86585,26485,01 86,\x01\x86,134,bp-2c-1,bp+0a,0x02,0x00,0xE6,0,1,bpb-131
86617,26485,01 86,\x01\x86,134,bp-2c,bp+0a,0x02,0x00,0xE7,0,0,bpb-131
86667,26487,01 2b,\x01+,43,bp-2c,bp+0a,0x02,0x00,0x01A5,0,0,bpb-131
86717,26489,01 2c,"\x01,",44,bp-2c,bp+0a,0x02,0x00,0x01A6,1,0,bpb-131
86767,26491,01 2d,\x01-,45,bp-2c,bp+0a,0x02,0x00,0x01A7,0,0,bpb-131
86817,26493,01 2e,\x01.,46,bp-2c,bp+0a,0x02,0x00,0x01A8,1,0,bpb-131
86867,26495,01 2f,\x01/,47,bp-2c,bp+0a,0x02,0x00,0x01A9,0,0,bpb-131
86917,26497,01 34,\x014,52,bp-2c,bp+0a,0x02,0x00,0x01AA,1,0,bpb-131
86967,26499,01 6f,\x01o,111,bp-2c,bp+0a,0x6840,0x01A1,0x00,1,0,bpb-131
87016,26501,01 69,\x01i,105,bp-2c,bp+0a,0x01B9,0x00,0x00,0,0,bpb-131
87066,26503,01 6a,\x01j,106,bp-2c,bp+0a,0x6840,0x01BA,0x00,0,1,bpb-131
87116,26505,01 6b,\x01k,107,bp-2c,bp+0a,0x6840,0x01BB,0x00,1,0,bpb-131
87166,26507,01 6c,\x01l,108,bp-2c,bp+0a,0x6840,0x01BC,0x00,0,1,bpb-131
87216,26509,01 95,\x01\x95,149,bp-2c,bp+0a,0x02,0x01C1,0x00,0,0,bpb-131
87266,26511,01 7c,\x01|,124,bp-2c,bp+0a,0x02,0x01A3,0x00,0,0,bpb-131
87316,26513,01 7e,\x01~,126,bp-2c,bp+0a,0x02,0x01A4,0x00,0,0,bpb-131
87368,26515,01 6d,\x01m,109,bp-2c,bp+0a,0x02,0x00,0x00,0,0,bpb-131
87754,26517,01 61,\x01a,97,bp-2c,bp+0a,0x01F4,0x00,0x00,1,0,bpb-131
87804,26519,01 60,\x01`,96,bp-2c,bp+0a,0x02,0x00,0x01F3,0,0,bpb-131
87856,26521,01 5f,\x01_,95,bp-2c,bp+0a,0x02,0x00,0x00,0,0,bpb-131
88274,26523,01 44,\x01D,68,bp-2c,bp+0a,0x02,0x00,0x0265,0,0,bpb-131
88324,26525,01 45,\x01E,69,bp-2c,bp+0a,0x6840,0x00,0x0266,0,1,bpb-131
88374,26527,01 4f,\x01O,79,bp-2c,bp+0a,0x02,0x00,0x0267,0,0,bpb-131
88424,26529,01 55,\x01U,85,bp-2c,bp+0a,0x02,0x00,0x0268,0,0,bpb-131
88474,26531,01 80,\x01\x80,128,bp-2c,bp+0a,0x02,0x00,0x0259,0,0,bpb-131
88524,26533,01 81,\x01\x81,129,bp-2c,bp+0a,0x02,0x00,0x025A,0,0,bpb-131
88574,26535,01 82,\x01\x82,130,bp-2c,bp+0a,0x02,0x00,0x025B,0,0,bpb-131
88624,26537,01 83,\x01\x83,131,bp-2c,bp+0a,0x02,0x00,0x025C,0,0,bpb-131
88674,26539,01 84,\x01\x84,132,bp-2c,bp+0a,0x02,0x00,0x025D,0,0,bpb-131
88724,26541,01 8c,\x01\x8c,140,bp-2c,bp+0a,0x02,0x00,0x026D,0,0,bpb-131
88774,26543,01 8d,\x01\x8d,141,bp-2c,bp+0a,0x02,0x00,0x026E,0,0,bpb-131
88824,26545,01 8e,\x01\x8e,142,bp-2c,bp+0a,0x02,0x00,0x026F,0,0,bpb-131
88876,26547,01 25,\x01%,37,bp-2c-1,bp+0a,0x02,0x00,0x01C4,0,0,bpb-131
88908,26547,01 25,\x01%,37,bp-2c,bp+0a,0x02,0x00,0x01C5,0,0,bpb-131
88964,26549,01 26,\x01&,38,bp-2c-1,bp+0a-1,0x01C7,0x00,0x00,1,0,bpb-131
88997,26549,01 26,\x01&,38,bp-2c,bp+0a-1,0x01C8,0x00,0x00,1,0,bpb-131
89030,26549,01 26,\x01&,38,bp-2c-1,bp+0a,0x01CB,0x00,0x00,1,0,bpb-131
89061,26549,01 26,\x01&,38,bp-2c,bp+0a,0x01CC,0x00,0x00,1,0,bpb-131
89117,26551,01 28,\x01(,40,bp-2c-1,bp+0a-1,0x01C9,0x00,0x00,1,0,bpb-131
89150,26551,01 28,\x01(,40,bp-2c,bp+0a-1,0x01CA,0x00,0x00,1,0,bpb-131
89183,26551,01 28,\x01(,40,bp-2c-1,bp+0a,0x01CD,0x00,0x00,1,0,bpb-131
89214,26551,01 28,\x01(,40,bp-2c,bp+0a,0x01CE,0x00,0x00,1,0,bpb-131
89264,26553,01 29,\x01),41,bp-2c,bp+0a,0x02,0x00,0x01CF,0,0,bpb-131
89320,26555,01 2a,\x01*,42,bp-2c,bp+0a,0x02,0x00,0x01D3,0,0,bpb-131
89372,26557,01 71,\x01q,113,bp-2c,bp+0a-1,0x02,0x00,0x0279,1,0,bpb-131
89404,26557,01 71,\x01q,113,bp-2c,bp+0a,0x02,0x00,0x027D,1,0,bpb-131
89454,26559,01 74,\x01t,116,bp-2c,bp+0a,0x02,0x00,0x027B,0,0,bpb-131
89524,26561,01 af,\x01\xaf,175,bp-2c,bp+0a,0x015D,0x00,0x00,0,0,bpb-131
89574,26563,01 8f,\x01\x8f,143,bp-2c,bp+0a,0x6840,0x028B,0x00,1,0,bpb-131
89623,26565,01 90,\x01\x90,144,bp-2c,bp+0a,0x028C,0x00,0x00,1,0,bpb-131
89673,26567,01 91,\x01\x91,145,bp-2c,bp+0a,0x6840,0x028D,0x00,1,0,bpb-131
89723,26569,01 92,\x01\x92,146,bp-2c,bp+0a,0x6840,0x028E,0x00,0,1,bpb-131
89772,26571,01 93,\x01\x93,147,bp-2c,bp+0a,0x028F,0x00,0x00,1,0,bpb-131
89821,26573,01 94,\x01\x94,148,bp-2c,bp+0a,0x0290,0x00,0x00,1,0,bpb-131
89871,26575,01 96,\x01\x96,150,bp-2c,bp+0a,0x02,0x00,0x0292,0,0,bpb-131
89921,26577,01 97,\x01\x97,151,bp-2c,bp+0a,0x02,0x00,0x0293,0,0,bpb-131
89971,26579,01 98,\x01\x98,152,bp-2c,bp+0a,0x02,0x00,0x0294,0,0,bpb-131
90020,26581,01 99,\x01\x99,153,bp-2c,bp+0a,0x0295,0x00,0x00,0,0,bpb-131
90070,26583,01 9b,\x01\x9b,155,bp-2c,bp+0a,0x02,0x00,0x0297,0,0,bpb-131
90120,26585,01 9c,\x01\x9c,156,bp-2c,bp+0a,0x02,0x00,0x0298,0,0,bpb-131
90170,26587,01 9d,\x01\x9d,157,bp-2c,bp+0a,0x02,0x0299,0x00,0,0,bpb-131
90220,26589,01 9e,\x01\x9e,158,bp-2c,bp+0a,0x02,0x029A,0x00,0,0,bpb-131
90270,26591,01 a3,\x01\xa3,163,bp-2c,bp+0a,0x6840,0x029F,0x00,0,1,bpb-131
90320,26593,01 a4,\x01\xa4,164,bp-2c,bp+0a,0x6840,0x02A0,0x00,0,1,bpb-131
90370,26595,01 a5,\x01\xa5,165,bp-2c,bp+0a,0x6840,0x02A1,0x00,0,1,bpb-131
90420,26597,01 a6,\x01\xa6,166,bp-2c,bp+0a,0x6840,0x02A2,0x00,0,1,bpb-131
90470,26599,01 b0,\x01\xb0,176,bp-2c,bp+0a,0x02,0x00,0x02AC,0,0,bpb-131
90520,26601,01 b1,\x01\xb1,177,bp-2c,bp+0a,0x02,0x00,0x02AD,0,0,bpb-131
90570,26603,01 b2,\x01\xb2,178,bp-2c,bp+0a,0x02,0x00,0x02AE,0,0,bpb-131
90620,26605,01 b3,\x01\xb3,179,bp-2c,bp+0a,0x02,0x00,0x02AF,0,0,bpb-131
90670,26607,01 b4,\x01\xb4,180,bp-2c,bp+0a,0x02,0x00,0x02B0,0,0,bpb-131
90720,26609,01 b5,\x01\xb5,181,bp-2c,bp+0a,0x02,0x00,0x02B1,0,0,bpb-131
90770,26611,01 b7,\x01\xb7,183,bp-2c,bp+0a,0x02,0x00,0x02B3,0,0,bpb-131
90820,26613,01 b8,\x01\xb8,184,bp-2c,bp+0a,0x02,0x00,0x02B4,0,0,bpb-131
90870,26615,01 b9,\x01\xb9,185,bp-2c,bp+0a,0x02,0x00,0x02B5,0,0,bpb-131
90921,26617,01 ba,\x01\xba,186,bp-2c-1,bp+0a,0x02B2,0x00,0x00,0,1,bpb-131
90952,26617,01 ba,\x01\xba,186,bp-2c,bp+0a,0x02B6,0x00,0x00,0,1,bpb-131
91001,26619,01 bb,\x01\xbb,187,bp-2c,bp+0a,0x02B7,0x00,0x00,0,0,bpb-131
91050,26621,01 bc,\x01\xbc,188,bp-2c,bp+0a,0x02BA,0x00,0x00,0,0,bpb-131
91099,26623,01 bd,\x01\xbd,189,bp-2c,bp+0a,0x02B8,0x00,0x00,0,0,bpb-131
91148,26625,01 be,\x01\xbe,190,bp-2c,bp+0a,0x02B9,0x00,0x00,0,0,bpb-131
91199,26627,01 bf,\x01\xbf,191,bp-2c-1,bp+0a,0x02A7,0x00,0x00,0,1,bpb-131
91230,26627,01 bf,\x01\xbf,191,bp-2c,bp+0a,0x02A8,0x00,0x00,0,1,bpb-131
91281,26629,01 79,\x01y,121,bp-2c-1,bp+0a,0x013E,0x00,0x00,0,1,bpb-131
91312,26629,01 79,\x01y,121,bp-2c,bp+0a,0x013F,0x00,0x00,0,1,bpb-131
91362,26631,01 7a,\x01z,122,bp-2c,bp+0a,0x02,0x013D,0x00,0,0,bpb-131
91413,26633,01 87,\x01\x87,135,bp-2c-1,bp+0a,0x0143,0x00,0x00,0,1,bpb-131
91444,26633,01 87,\x01\x87,135,bp-2c,bp+0a,0x0144,0x00,0x00,0,1,bpb-131
91494,26635,01 b6,\x01\xb6,182,bp-2c,bp+0a,0x02,0x02A9,0x00,0,0,bpb-131
91545,26637,01 c0,\x01\xc0,192,bp-2c-1,bp+0a,0x02BB,0x00,0x00,0,1,bpb-131
91576,26637,01 c0,\x01\xc0,192,bp-2c,bp+0a,0x02BC,0x00,0x00,0,1,bpb-131
91626,26639,01 88,\x01\x88,136,bp-2c,bp+0a,0x02,0x0159,0x00,0,0,bpb-131
91676,26641,01 89,\x01\x89,137,bp-2c,bp+0a,0x02,0x015A,0x00,0,0,bpb-131
91726,26643,01 8a,\x01\x8a,138,bp-2c,bp+0a,0x02,0x015B,0x00,0,0,bpb-131
91776,26645,01 a2,\x01\xa2,162,bp-2c,bp+0a,0x02,0x015C,0x00,0,1,bpb-131
91825,26647,01 c1,\x01\xc1,193,bp-2c,bp+0a,0x02BD,0x00,0x00,1,0,bpb-131
91874,26649,01 c2,\x01\xc2,194,bp-2c,bp+0a,0x02BE,0x00,0x00,1,0,bpb-131
91923,26651,01 c3,\x01\xc3,195,bp-2c,bp+0a,0x02BF,0x00,0x00,1,0,bpb-131
91972,26653,01 c4,\x01\xc4,196,bp-2c,bp+0a,0x02C0,0x00,0x00,1,0,bpb-131
92021,26655,01 c5,\x01\xc5,197,bp-2c,bp+0a,0x02C1,0x00,0x00,1,0,bpb-131
92070,26657,01 c6,\x01\xc6,198,bp-2c,bp+0a,0x02C2,0x00,0x00,1,0,bpb-131
92119,26659,01 c7,\x01\xc7,199,bp-2c,bp+0a,0x02C3,0x00,0x00,1,0,bpb-131
92168,26661,01 c8,\x01\xc8,200,bp-2c,bp+0a,0x02C4,0x00,0x00,1,0,bpb-131
92217,26663,01 c9,\x01\xc9,201,bp-2c,bp+0a,0x02C5,0x00,0x00,1,0,bpb-131
92267,26665,01 ca,\x01\xca,202,bp-2c,bp+0a,0x02,0x00,0x02C6,0,0,bpb-131
92317,26667,01 cb,\x01\xcb,203,bp-2c,bp+0a,0x6840,0x00,0x02C7,0,1,bpb-131
92367,26669,01 cc,\x01\xcc,204,bp-2c,bp+0a,0x6840,0x00,0x02C8,0,1,bpb-131
92417,26671,01 cd,\x01\xcd,205,bp-2c,bp+0a,0x6840,0x00,0x02C9,0,1,bpb-131
92467,26673,01 ce,\x01\xce,206,bp-2c,bp+0a,0x02,0x00,0x02CA,0,0,bpb-131
92517,26675,01 cf,\x01\xcf,207,bp-2c,bp+0a,0x02,0x00,0x02CB,0,0,bpb-131
92567,26677,01 d0,\x01\xd0,208,bp-2c,bp+0a,0x02,0x00,0x02CC,0,0,bpb-131
92619,26679,01 d1,\x01\xd1,209,bp-2c,bp+0a,0x02,0x00,0x00,0,0,bpb-131
92983,26681,01 d2,\x01\xd2,210,bp-2c-1,bp+0a-1,0xBF,0x00,0x00,0,1,bpb-131
93016,26681,01 d2,\x01\xd2,210,bp-2c,bp+0a-1,0xC0,0x00,0x00,0,1,bpb-131
93049,26681,01 d2,\x01\xd2,210,bp-2c-1,bp+0a,0xC3,0x00,0x00,0,0,bpb-131
93080,26681,01 d2,\x01\xd2,210,bp-2c,bp+0a,0xC4,0x00,0x00,0,0,bpb-131
93130,26683,01 d5,\x01\xd5,213,bp-2c,bp+0a,0x6840,0x02D1,0x00,0,1,bpb-131
93180,26685,01 d6,\x01\xd6,214,bp-2c,bp+0a,0x6840,0x02D2,0x00,0,1,bpb-131
93230,26687,01 d7,\x01\xd7,215,bp-2c,bp+0a,0x6840,0x02D3,0x00,0,1,bpb-131
93280,26689,01 d9,\x01\xd9,217,bp-2c,bp+0a,0x02,0x02D5,0x00,0,0,bpb-131
93330,26691,01 da,\x01\xda,218,bp-2c,bp+0a,0x6840,0x02D6,0x00,0,1,bpb-131
93380,26693,01 db,\x01\xdb,219,bp-2c,bp+0a,0x6840,0x02D7,0x00,0,1,bpb-131
93430,26695,01 dc,\x01\xdc,220,bp-2c,bp+0a,0x6840,0x02D8,0x00,0,1,bpb-131
93480,26697,01 dd,\x01\xdd,221,bp-2c,bp+0a,0x02,0x02D9,0x00,0,0,bpb-131
93530,26699,01 de,\x01\xde,222,bp-2c,bp+0a,0x6840,0x02DA,0x00,0,1,bpb-131
93579,26701,01 df,\x01\xdf,223,bp-2c,bp+0a,0xC9,0x00,0x00,0,1,bpb-131
93628,26703,01 e0,\x01\xe0,224,bp-2c,bp+0a,0xCA,0x00,0x00,0,1,bpb-131
93677,26705,01 e1,\x01\xe1,225,bp-2c,bp+0a,0xCB,0x00,0x00,0,1,bpb-131
93726,26707,01 e2,\x01\xe2,226,bp-2c,bp+0a,0xCD,0x00,0x00,0,0,bpb-131
93775,26709,01 e3,\x01\xe3,227,bp-2c,bp+0a,0xCE,0x00,0x00,0,0,bpb-131
93824,26711,01 e4,\x01\xe4,228,bp-2c,bp+0a,0xCF,0x00,0x00,0,0,bpb-131
93873,26713,01 21,\x01!,33,bp-2c,bp+0a,0x02EF,0x00,0x00,0,0,bpb-131
93923,26715,01 42,\x01B,66,bp-2c,bp+0a,0x6840,0x02F1,0x00,0,1,bpb-131
93972,26717,01 43,\x01C,67,bp-2c,bp+0a,0x02F3,0x00,0x00,1,0,bpb-131
94022,26719,01 46,\x01F,70,bp-2c,bp+0a,0x6840,0x02F4,0x00,1,0,bpb-131
94072,26721,01 4a,\x01J,74,bp-2c,bp+0a,0x6840,0x02F5,0x00,1,0,bpb-131
94121,26723,01 e5,\x01\xe5,229,bp-2c,bp+0a,0x02F6,0x00,0x00,1,0,bpb-131
94171,26725,01 e6,\x01\xe6,230,bp-2c,bp+0a,0x02,0x00,0x02F7,0,0,bpb-131
94221,26727,01 e7,\x01\xe7,231,bp-2c,bp+0a,0x02,0x00,0x02F8,0,0,bpb-131
94271,26729,01 e8,\x01\xe8,232,bp-2c,bp+0a,0x02,0x00,0x02F9,0,0,bpb-131
94321,26731,01 e9,\x01\xe9,233,bp-2c,bp+0a,0x02,0x00,0x02FA,0,0,bpb-131
94371,26733,01 ea,\x01\xea,234,bp-2c,bp+0a,0x02,0x00,0x02FB,0,0,bpb-131
94421,26735,01 eb,\x01\xeb,235,bp-2c,bp+0a,0x02,0x00,0x02FC,0,0,bpb-131
94471,26737,01 ec,\x01\xec,236,bp-2c,bp+0a,0x02,0x00,0x02FD,0,0,bpb-131
94522,26739,01 ed,\x01\xed,237,bp-2c-1,bp+0a,0xC7,0x00,0x00,0,1,bpb-131
94553,26739,01 ed,\x01\xed,237,bp-2c,bp+0a,0xC8,0x00,0x00,0,1,bpb-131
94604,26741,01 d8,\x01\xd8,216,bp-2c-1,bp+0a,0x010C,0x00,0x00,0,1,bpb-131
94635,26741,01 d8,\x01\xd8,216,bp-2c,bp+0a,0x010D,0x00,0x00,0,1,bpb-131
94689,26743,01 ee,\x01\xee,238,bp-2c,bp+0a,0x02,0x0108,0x00,0,1,bpb-131
94723,26743,01 ee,\x01\xee,238,bp-2c-1,bp+0a,0x02,0x0109,0x00,0,1,bpb-131
94755,26743,01 ee,\x01\xee,238,bp-2c,bp+0a,0x02,0x010A,0x00,0,1,bpb-131
94807,26745,01 ef,\x01\xef,239,bp-2c,bp+0a-1,0x02,0x0107,0x00,0,1,bpb-131
94839,26745,01 ef,\x01\xef,239,bp-2c,bp+0a,0x02,0x010B,0x00,0,0,bpb-131
94888,26747,01 f1,\x01\xf1,241,bp-2c,bp+0a,0x0307,0x00,0x00,1,0,bpb-131
94937,26749,01 f2,\x01\xf2,242,bp-2c,bp+0a,0x0308,0x00,0x00,1,0,bpb-131
94986,26751,01 f3,\x01\xf3,243,bp-2c,bp+0a,0x0309,0x00,0x00,1,0,bpb-131
95035,26753,01 f4,\x01\xf4,244,bp-2c,bp+0a,0x030A,0x00,0x00,1,0,bpb-131
95084,26755,01 f5,\x01\xf5,245,bp-2c,bp+0a,0x030B,0x00,0x00,1,0,bpb-131
95133,26757,01 f6,\x01\xf6,246,bp-2c,bp+0a,0x030C,0x00,0x00,1,0,bpb-131
95182,26759,01 f7,\x01\xf7,247,bp-2c,bp+0a,0x030D,0x00,0x00,1,0,bpb-131
95231,26761,01 f8,\x01\xf8,248,bp-2c,bp+0a,0x030E,0x00,0x00,1,0,bpb-131
95280,26763,01 f9,\x01\xf9,249,bp-2c,bp+0a,0x030F,0x00,0x00,1,0,bpb-131
95329,26765,01 fa,\x01\xfa,250,bp-2c,bp+0a,0x0310,0x00,0x00,1,0,bpb-131
95378,26767,01 fb,\x01\xfb,251,bp-2c,bp+0a,0x0311,0x00,0x00,1,0,bpb-131
95427,26769,01 fc,\x01\xfc,252,bp-2c,bp+0a,0x0312,0x00,0x00,1,0,bpb-131
95477,26771,01 fd,\x01\xfd,253,bp-2c,bp+0a,0x6840,0x0313,0x00,1,0,bpb-131
95526,26773,01 fe,\x01\xfe,254,bp-2c,bp+0a,0x0314,0x00,0x00,1,0,bpb-131
95576,26775,01 4c,\x01L,76,bp-2c,bp+0a,0x6840,0x0315,0x00,1,0,bpb-131
95626,26777,01 9f,\x01\x9f,159,bp-2c,bp+0a,0x6840,0x0317,0x00,1,0,bpb-131
95675,26779,01 a0,\x01\xa0,160,bp-2c,bp+0a,0x0318,0x00,0x00,1,0,bpb-131
95725,26781,01 a1,\x01\xa1,161,bp-2c,bp+0a,0x6840,0x0319,0x00,1,0,bpb-131
95775,26783,01 53,\x01S,83,bp-2c,bp+0a,0x02,0x00,0x0316,0,0,bpb-131
95832,26785,01 5a,\x01Z,90,bp-2c-1,bp+0a-1,0x02,0x031B,0x00,0,1,bpb-131
95866,26785,01 5a,\x01Z,90,bp-2c,bp+0a-1,0x02,0x031C,0x00,0,1,bpb-131
95900,26785,01 5a,\x01Z,90,bp-2c-1,bp+0a,0x02,0x031F,0x00,0,0,bpb-131
95932,26785,01 5a,\x01Z,90,bp-2c,bp+0a,0x02,0x0320,0x00,0,0,bpb-131
95984,26787,01 a7,\x01\xa7,167,bp-2c,bp+0a,0x02,0x00,0x00,0,0,bpb-131
96344,26789,01 62,\x01b,98,bp-2c,bp+0a,0x02,0x00,0x00,0,0,bpb-131
96749,26791,01 59,\x01Y,89,bp-2c,bp+0a,0x02,0x00,0x00,0,0,bpb-131
